asin,name,price,rating,theme,ages,image
B09CWP2G71,Heroes of Goo Jit Zu Marvel Mega Mini 6-Pack,19.99,4.4,superheroes,5-10,81itAfMhNdL
B0BS4GVV4D,Marvel Avengers Ultimate Protectors 8-Figure Pack,41.88,4.6,superheroes,4-10,71aWB2hKzuL
B0DVBDD7YP,Marvel Iron Man and His Awesome Friends Role Play Set,25.53,4.6,superheroes,3-6,71kJr5z609L
B07FZ7WRYM,Superhero Bath Bombs with Surprise Toys (6-pack),30.99,4.6,superheroes,3-8,91vhq-+1lCL
B073VBBX59,Marvel Spider-Man Kids Digital Watch,10.31,4.6,superheroes,4-10,81IHLrl0HRL
B07ZHS1L15,Marvel Super Hero Adventures 5-Inch Figure 5-Pack,20.99,4.8,superheroes,3-7,71NyDg1myjL
B0CCSR4V9P,Marvel Hulk Gamma Smash Fists,24.97,4.8,superheroes,4-8,619vvXBZ8WL
B0F5DZWDR6,Spidey and His Amazing Friends Matching Game,10.98,4.8,superheroes,3-5,81U8egCYbmL
B0BQRWJ877,Marvel Spider-Man Youth Deluxe Costume,44.99,4.6,superheroes,6-12,71GBB4IQ9tL
B09PKKQQTD,Marvel Toddler Deluxe Costume,29.39,4.7,superheroes,2-4,61SJ+T1GFwL
B0FMS8XPT8,LEGO Marvel Spider-Man vs. Ghost Rider Motorcycle 76335,7.99,4.8,superheroes,6-10,81d1wGnQBXL
B0G5QL2HBQ,LEGO Marvel Advent Calendar 2026 76340,35.00,4.3,superheroes,6-12,81dZmyA01YL
B0FPG5PLJ7,Spider-Themed Transforming Remote Control Car,26.99,4.5,superheroes,3-8,816zu5PIaoL
B0D5GLT4R4,JOYIN 17-Piece Dinosaur Figures with Play Mat,19.99,4.7,dinosaurs,3-5,91RPu81aKFL
B0B9HV6SVG,JOYIN 13-in-1 Dinosaur Carrier Truck,29.99,4.7,dinosaurs,3-5,91HOC0F702L
B08FMB1TGS,Gzsbaby 6-Piece Jumbo Soft Dinosaurs,32.99,4.6,dinosaurs,2-5,81Pgxw2JezL
B07S6FDHPN,Create A Dinosaur World Road Race Track,24.99,4.6,dinosaurs,3-6,918PYoU6NfL
B0D9NQXCS1,Dinosaur Track Toys Set,49.89,4.6,dinosaurs,3-7,81n2HPXBS0L
B09P4TS8KX,VERTOY Remote Control Walking Velociraptor,49.88,4.4,dinosaurs,5-10,716IpqkOZ8L
B0D3D61QS9,Dinosaur Magnetic Tiles with Movable Dinos,19.97,4.7,dinosaurs,3-7,81TaEVPo42L
B09CTX4BW5,Take-Apart Dinosaur Toys with Electric Drill,19.99,4.6,dinosaurs,3-7,816ygIPw4JL
B083R2P78L,Dinosaur Night Light Projector,15.99,4.3,dinosaurs,2-10,81RDAnRMFOL
B00K89KFX0,VTech Chomp and Count Dino,19.97,4.8,dinosaurs,1-3,71Qb3JUulbL
B00008BFZH,Snap Circuits Jr. SC-100 Electronics Kit,32.99,4.8,stem,8-12,71wjLjOAVBL
B07XTKJXPT,Smartivity Robotic Mechanical Hand,25.26,4.6,stem,8-14,81j0vH0TeKL
B00IUAAK2A,ThinkFun Gravity Maze,23.99,4.6,stem,8-12,81iwJf07veL
B085LRW4VR,Thames & Kosmos Mega Cyborg Hand,23.99,4.4,stem,8-14,71i0VjO6tAL
B08P5XGHJG,Smartivity DIY Pinball Machine,34.99,4.5,stem,8-14,71XsWsxNKRL
1338603450,Klutz LEGO Gear Bots,22.56,4.6,stem,8-12,81gDNky5AzL
B00VKRK7K0,Snap Circuits Arcade SCA-200,45.99,4.8,stem,8-12,71dyfiqJ3iL
B08V16FFFC,Thames & Kosmos Roller Coaster Engineering,45.95,4.5,stem,8-12,91bwtlMZ--L
B07T1NZD27,Sillbird 12-in-1 Solar Robot Kit,14.97,4.3,stem,8-13,81PbkbZKl7L
B000FGECAI,Educational Insights Kanoodle,9.99,4.7,stem,7-12,610JlN7cmDL
B092W7D64G,Rubik's Cube Original 3x3,9.49,4.7,stem,8-14,81HO-y+FIdL
B079D7XHSY,Moose Games Flipslide Handheld Puzzle,12.99,4.6,stem,8-13,81c7TKDUTGL
B093CPZYR8,National Geographic Amazing Chemistry Set,39.99,4.7,science,8-12,91sqjXa8d5L
B0876F6STP,National Geographic Science Magic Kit,29.99,4.7,science,8-12,81ZUvHszgOL
B082ZLM39R,National Geographic Earth Science Kit,29.99,4.7,science,8-12,91iK4xpkVmL
B085WF9CHH,National Geographic Magic Chemistry Set,16.99,4.7,science,8-12,81NatkvAvpL
B09XGMHGJ3,Doctor Jupiter My First Science Experiments Kit,29.99,4.6,science,4-7,714-dGFpZ8L
B0C5MMYRJ3,UNGLINGA 150 Experiments Science Kit,28.99,4.7,science,6-12,818eRP4CCUL
B0FFSSWTB6,1000X Handheld Digital Microscope for Kids,29.99,4.5,science,6-12,71pyDjRPqhL
B00B1Z6EPS,GeoSafari Kidnoculars,11.99,4.6,science,3-6,81Aofvl9VoL
B00NHQF6MG,LEGO Classic Large Creative Brick Box 10698,33.49,4.8,building,4-99,91hDvhrWwhL
B00NHQFA1I,LEGO Classic Medium Creative Brick Box 10696,21.42,4.8,building,4-99,91irCcV965L
B0CGY4J7QT,LEGO Creator 3-in-1 Flatbed Truck with Helicopter,19.79,4.8,building,7-12,81Tn057C1lL
B0BLJ4FDT4,LEGO Creator 3-in-1 Space Shuttle,7.99,4.8,building,6-10,71lhVag75AL
B0DJ1BQHQX,LEGO Creator 3-in-1 Wild Animals Spider,7.19,4.8,building,7-12,71r27CwqqKL
B0G5QKD8ZS,LEGO Star Wars Advent Calendar 2026 75456,35.00,4.8,building,6-12,81QFB5T8KyL
B0G5QJP2BW,LEGO City Advent Calendar 2026 60510,25.00,4.6,building,5-10,81Dvy4SM6+L
B0FMS84RFJ,LEGO Speed Champions Back to the Future Time Machine,22.49,4.9,building,9-14,81-m81-7O+L
B0FMS854MN,LEGO Sonic the Hedgehog Speedster Lightning 77117,7.99,4.8,building,6-10,81jUf4WowfL
B0DJ19R8H7,LEGO Minecraft The Nether Lava Battle,6.99,4.8,building,6-10,71WTWrZl1fL
B0FMS7CRHX,LEGO Botanicals Daisies 11508,9.89,4.9,building,9-99,81lNVhQTwNL
B0G5QKTYPR,LEGO Minifigures Shrek Series 6-Pack,29.94,4.3,building,8-99,81SM6aPo74L
B00AU56C5W,PicassoTiles 100-Piece Magnetic Tiles,39.99,4.8,building,3-8,91OfXhIP9AL
B0GGTK4YCT,MAGNA-TILES microMAGS Travel Set,19.99,4.8,building,3-8,71kbYE+H4pL
B007GE75HY,MEGA BLOKS First Builders Big Building Bag,14.97,4.8,building,1-3,81VQ2cZO54L
B000068CKY,Melissa & Doug 100 Wooden Building Blocks,13.99,4.8,building,2-5,71jVEjU17nL
B07M6CDS77,COO&KOO Charm Bracelet Making Kit,19.99,4.6,arts,6-12,81x030MCZkL
B0C23NBZ6W,Nollh DIY Journal Kit for Girls,24.98,4.8,arts,8-12,71XMDYdClvL
B0DTB2N2D9,Crayola Marker Airbrush Spray Art Kit,22.49,4.8,arts,6-12,81161P5MeNL
B0CDH69RMR,Hair Gem Stamper Kit,18.98,4.3,arts,4-12,71KJDAFxLeL
B0F9WFBTP5,Skillmatics Aqua Puffs Unicorns,24.97,4.6,arts,4-8,813jv0gP7UL
B0B4BX6SY2,leitait Bracelet Making Kit 3400 pcs,19.99,4.6,arts,6-12,81xC7RaRm5L
B00JM5GZGW,Play-Doh 36-Pack Case of Colors,28.99,4.8,arts,3-6,71gbnXqpvJL
B07GKWLBN2,Water Doodle Mat,24.99,4.5,arts,2-5,818B3iz2f5L
B0BGN2HQHH,Kikidex Magnetic Drawing Board,24.99,4.6,arts,1-3,71+wj20B2yL
B0GCC4HQRP,Mattel KPop Demon Hunters Rumi Golden Singing Doll,31.98,4.6,dolls,6-12,81TT8WoOXRL
B0GCCHQ77Z,Mattel KPop Demon Hunters Zoey Fashion Doll,26.97,4.8,dolls,6-12,81GNJvvwX8L
B0CB6JWL75,Barbie Gymnastics Doll & Playset,25.59,4.8,dolls,3-8,817XhkGaVIL
B0FDGZDRGS,Barbie Skipper Babysitters Inc. Playset,19.99,4.8,dolls,3-8,81A+B7pgALL
B0DMWBSJMP,Monster High Clawdeen Wolf Collectible Doll,32.99,4.8,dolls,6-12,81aa+yvSzoL
B0978H7YYB,Disney Store Rapunzel Classic Doll,19.99,4.8,dolls,3-7,71fgaDOy8kS
B08TTTW6TY,Gabby's Dollhouse 8-inch Gabby Girl Doll,11.99,4.8,dolls,3-6,81BD0UOGZeS
B0F18MNB6C,Imagimake Magnetic Dress-Up Princess,24.99,4.6,dolls,3-7,710nEr2y8hL
B0F5TWR4ZR,Aori Lifelike 17-Inch Baby Doll,22.49,4.6,dolls,3-8,71ys5J2P-TL
B01B1V10KA,Melissa & Doug Scoop & Serve Ice Cream Counter,35.99,4.9,pretend-play,3-6,7106ox8f2jL
B09PD6YWF1,Meland Doctor Kit with Puppy,27.97,4.6,pretend-play,3-6,71NmYmwkHGL
B01COSEDKS,VTech Drill and Learn Toolbox,18.89,4.7,pretend-play,2-5,71p8G5z0YSL
B095LT69HN,Hollyhi 58-Piece Kids Washable Makeup Kit,22.99,4.6,pretend-play,4-10,81YevGGGxLL
B01N037GIU,Monobeach Princess Castle Play Tent with Lights,39.99,4.7,pretend-play,3-8,71WRS8+G3IL
B0BLBLRLJB,Amazon Fire 7 Kids Tablet (ages 3-7),54.99,4.3,kids-tech,3-7,61q87hzafQL
B0D38GBHCS,Amazon Fire HD 8 Kids Pro Tablet (ages 6-12),89.99,4.6,kids-tech,6-12,61iYPiatV9L
B0CVDTKNVZ,Amazon Fire HD 8 Kids Tablet (ages 3-7),104.99,4.6,kids-tech,3-7,61ugA0LAAjL
B093TL7BMB,Toniebox Audio Player Starter Set,69.99,4.7,kids-tech,3-8,81E7Y5CzccL
B0D2JGYX3F,Nex Playground Active Play System,299.00,4.7,kids-tech,5-12,61Pg7ofgYHL
B0C42948MY,Tamagotchi Original Starry Shower,19.99,4.6,kids-tech,6-14,81+i4k8EsNL
B0B68W6ZMT,Goopow Kids Digital Camera,25.98,4.5,kids-tech,3-8,61jH3QDd88L
B0C5CW9V7P,Makolle Kids HD Video Camera,35.99,4.5,kids-tech,3-12,71IKdyn3Z5L
B0FXX575KP,Video Walkie Talkies for Kids (2-pack),25.99,4.6,kids-tech,4-12,716wWIK3SYL
B0F3Y1K5NT,eKids Minecraft Walkie Talkies,22.99,4.5,kids-tech,5-10,61oYopGTyiL
B0CHS2VNHC,YLL Kids Karaoke Machine with 2 Mics,21.99,4.6,kids-tech,3-8,71-ceCcWF2L
B0CXJDDJ9X,DJI Mini 4K Drone,299.00,4.5,teens,13-99,61TcjJ4qDZL
B0FJ1STVP4,DJI Neo 2 Fly More Combo,429.00,4.5,teens,13-99,61O5-9tRRHL
B0CTWHSSM8,QUNREDA 4WD Stunt RC Car,25.49,4.5,rc-vehicles,6-12,81pa-dG26dL
B0CT8KCNBD,Gesture-Sensing RC Stunt Car,44.81,4.5,rc-vehicles,6-12,716lwkeH0OL
B0GYWVLG6M,RC Wall-Climbing Gecko,34.99,4.5,rc-vehicles,6-12,814CMtJtUkL
B07HGR2C1G,Monster Jam Grave Digger RC Truck 1:24,20.99,4.4,rc-vehicles,4-10,81gik4pcnRL
B073PVRSDL,HAIBOXING 18859 1:18 All-Terrain RC Car,69.95,4.4,rc-vehicles,8-14,71f3HY-R1KL
B0DR3PT4JM,Hot Wheels Monster Trucks Oversized Bigfoot,12.99,4.8,vehicles,3-8,81rfAu4K6xL
B0G1TZTY5K,Hot Wheels 2026 Advent Calendar,26.99,4.6,vehicles,3-10,91va-dPRwbL
B08K3N4RR9,Tonka Steel Classics 4x4 Pickup Truck,27.58,4.8,vehicles,3-7,715CaIO1fNL
B08J4FJ63D,Disney Pixar Cars Radiator Springs 3-Pack,14.57,4.9,vehicles,3-7,81tUxfwfpPL
B0BYYV9185,iPlay iLearn Rocket Space Toy,39.99,4.8,vehicles,3-5,81vOrDl6JoL
B0BTBV51KY,iPlay iLearn Press-to-Go Toddler Cars,17.99,4.8,vehicles,1-3,71DKbcOeHcL
B0CCYMV1T1,Gotrax KS1 Kids 3-Wheel Kick Scooter,37.99,4.6,outdoor,2-8,51b6NxAuLGL
B01EN6LTAQ,Razor A Kick Scooter,31.97,4.8,outdoor,5-12,618SNP0Aw8L
B0DDQ4FQHK,SEREED Toddler Balance Bike,39.99,4.7,outdoor,2-3,71h170NO5+L
B01C967BQS,Little Tikes Fairy Cozy Coupe,62.91,4.6,outdoor,1-5,71PLoffE8VL
B00G466HBU,Stomp Rocket Jr. with 8 Rockets,27.99,4.6,outdoor,3-8,81S39mJwpPL
B07PM8J9GJ,National Geographic LED Air Rocket Launcher,24.99,4.7,outdoor,8-12,81d3cadf-DL
B0D5JX1QQF,Hover Soccer Light-Up Ball,19.99,4.5,outdoor,5-12,91HUHIUKC1L
B08P29SC84,Nerf Vortex Aero Howler Football,12.47,4.8,outdoor,6-14,715CoLzPhdL
B08MV8HMD3,Nerf Elite Disruptor Blaster,11.77,4.6,outdoor,8-14,611INerCPmL
B07FNQFLJ5,Toss and Catch Ball Yard Game,28.98,4.6,outdoor,4-10,81CVFEoojEL
B0D56JMVH9,Toddler Basketball Hoop,39.99,4.6,outdoor,1-5,71nJSWHS+iL
B07B6ZN7P8,LeapFrog Learning Friends 100 Words Book,19.90,4.8,toddler,1-3,71wQb2LWUkL
B0CRYJB6GK,Airbition Talking Flash Cards (224 words),11.99,4.5,toddler,1-4,71MxFkRSqvL
B06XNQDR8J,LeapFrog 2-in-1 LeapTop Touch,29.90,4.7,toddler,2-4,71crrz-3XJL
B071LQQHPZ,VTech Busy Learners Activity Cube,15.52,4.8,toddler,1-3,813FAvde9tL
B0CBQRXNVW,Fisher-Price Glow and Grow Kick & Play Piano Gym,42.97,4.8,baby,0-1,81luMU87x2L
B0CPN4YBQ6,Fisher-Price Little People Caring for Animals Farm,44.99,4.8,toddler,1-5,81Cvzo90YrL
B0CPHTTKBZ,Gojmzo Montessori Busy Board,22.98,4.6,toddler,1-4,81DgDDyjzeL
B007XVYSDE,VTech KidiBeats Kids Drum Set,19.99,4.7,music,2-5,817ZUr6R6UL
B0CS6MK19Y,VTech Kidi Star Drum Pad,64.97,4.7,music,6-12,61hZYlCSZpL
B0GN8PRZMT,VTech Kidi Star DJ Mixer Pro,59.99,4.8,music,6-12,71hP+6tGHUL
B0DMF8JZYS,LeapFrog Strum and Count Wooden Guitar,21.97,4.8,music,1-4,61Si7izhyaL
B0DWGVM7RY,Flip 7 Card Game,7.97,4.9,family-games,8-99,81m3yB192RL
B077Z1R28P,Taco Cat Goat Cheese Pizza Card Game,9.95,4.8,family-games,7-99,61L3JcwfsDL
B06XZ9K244,SKYJO Card Game,19.95,4.8,family-games,8-99,81Pfuow1T8L
B08VFGZRR6,Five Crowns Collectible Tin,9.99,4.8,family-games,8-99,71nan31+REL
B00000DMF5,Candy Land,14.14,4.8,family-games,3-6,71ZnGyItfoL
B0FV9YLH5K,Magical Athlete Board Game,,4.8,family-games,8-99,81Lb10drVZL
B0F2GPDFZZ,FurReal Sally the Silly Hippo Interactive Plush,34.99,4.7,plush,4-8,81Laii43P0L
B0CFBCJL3K,Emotional Support Dumplings Plush,16.99,4.8,plush,6-99,71NQ7XF+tbL
B0CX24138S,Ms. Rachel Speak & Sing Doll,24.97,4.8,plush,1-4,819EHYgDj3L
B0DK7X9WGJ,Squishmallows Star Wars Grogu 8-inch,15.99,4.8,plush,3-99,71TM9jnQZTL
B0CZ4K7TW8,Disney Store Lightning McQueen Plush,26.99,4.8,plush,2-6,61JKupUt+nL
B0DT44TSM2,POP MART LABUBU Big into Energy Blind Box,26.99,4.7,plush,12-99,71LUx+Y8plL
B0GLT23RV6,Elf on the Shelf Disney Princess Dress Set,16.95,5.0,holiday,3-8,817lCyJI4oL
B0BWNYPCT1,Fujifilm Instax Mini 12 Instant Camera,82.99,4.6,teens,10-99,51BCl6AKK-L
B0BTM72KLT,ESOXOFFORE Kids Instant Print Camera,33.98,4.5,kids-tech,3-12,71riDZCB2uL
B09FXFSY6R,Tatybo RGB Gaming Headset (PS5/PC/Xbox),19.99,4.4,teens,10-99,91XqyL7RiYL
B0H93MFZ34,Mini Projector with WiFi 6 and Bluetooth,79.99,4.7,teens,12-99,710P5nNQH9L
B0DY918NGN,Sony WH-CH520 Wireless Headphones,68.00,4.4,teens,12-99,61QmoIufSAL
B071FJ1763,Riwbox Light-Up Kids Bluetooth Headphones,22.98,4.6,kids-tech,5-12,61+7N6oE69L
B097NDLV1L,Retro Bluetooth Speaker,14.99,4.4,teens,10-99,71iwZ8hew9L
B0B3DN72R8,HEYSONG Waterproof Shower Speaker,26.99,4.5,teens,10-99,81lUF71oj-L
B0BXP35GZQ,DAYBETTER Smart LED Strip Lights 200 ft,17.99,4.4,teens,10-99,81aty3bJMNL
B0D1VJMSQG,Portable Karaoke Machine with 2 Wireless Mics,53.99,4.4,music,6-99,81lYtLYZFkL
B0BXQ6NRRN,LEGO Harry Potter Hogwarts Castle and Grounds,136.99,4.8,building,10-99,813B5OrhLSL
B0793JTRKG,LEGO Architecture Statue of Liberty,109.99,4.8,teens,16-99,71M2yesGbML
B0DRW6KZKF,LEGO Technic Ferrari FXX K,51.99,4.8,building,10-99,81x8eW1q1iL
B0CBJFSP3G,12V Licensed Mercedes-AMG GT Kids Ride-On Car,141.99,4.5,vehicles,3-5,71p+jK0w0LL
B08H8DT32C,Tiny Land Wooden Play Kitchen,129.99,4.5,pretend-play,3-8,712xWlkXXRL
B01J94K9OY,Skip Hop Baby Activity Center,149.99,4.8,baby,0-1,41gISIi+CnL
B01EUNA0WK,Baby Einstein Neptune's Ocean Discovery Activity Jumper,99.99,4.7,baby,0-1,418omxo+0vL
B075R8BXXC,Lovevery The Play Gym,150.00,4.8,baby,0-1,511Tt8FuuXL
B07MPCCDM7,Baby Einstein 4-in-1 Kickin' Tunes Play Gym,49.97,4.7,baby,0-1,51Gu4DsOSKL
B07CRSXMW8,VTech Sit-to-Stand Learning Walker,44.97,4.8,baby,0-3,81U-LLvggsL
B07NXDJ52C,Sassy Stacks of Circles Stacking Rings,9.99,4.8,baby,0-2,71AQF+jAL3L
B0CD42KQ3K,Montessori Sensory Teething Toy,9.99,4.7,baby,0-1,41c9zvmFrLL
B09Z65PBXP,KRIDDO Toddler Balance Bike,44.99,4.6,outdoor,2-5,61LNzKTknAL
B0CLGB5BCJ,VEVOR Kids Trampoline with Enclosure,42.90,4.7,outdoor,3-10,611s2EGAAHL
B0F2GYMC8H,Meta Quest 3S 128GB VR Headset,349.99,4.6,teens,13-99,41mUaqdWrhL
B0F3GWXLTS,Nintendo Switch 2 System,499.00,4.8,teens,6-99,41A6+lQ6KSL
B0D541M5C6,Yoto Mini Kids Audio Player,79.99,4.6,kids-tech,3-10,61oKXuf3HML
B09DVFG6JN,58-Piece Kids Microscope Kit,39.99,4.4,science,8-12,71V20JHw-CL
B0CJJ9ZBSK,FanttikRide C9 Pro Kids Electric Scooter,146.99,4.4,outdoor,6-12,61tgTdAyG6L
